,var,mean_of_mag
0,pressure_vel,381.8181485291303
1,pressure_tendency,3.8827271171547855
2,p_error,3.7018091633155406
