,var,mean_of_mag
0,pressure_vel,226.35170875429026
1,pressure_tendency,2.867964678898488
2,p_error,2.171203568374414
