,var,mean_of_mag
0,pressure_vel,2.2855702943013863
1,pressure_tendency,2.8678216638079825
2,p_error,0.011369340090085157
