,var,mean_of_mag
0,pressure_vel,5.6609136191251705
1,pressure_tendency,6.159770146669752
2,p_error,0.018289916561824562
