,var,mean_of_mag
0,pressure_vel,5.74775070769674
1,pressure_tendency,6.992599949753444
2,p_error,0.032920335110627884
