,var,mean_of_mag
0,pressure_vel,1.4533863540839234
1,pressure_tendency,1.4327107823928973
2,p_error,0.014480050434296976
