,var,mean_of_mag
0,entrainment,0.33084087369511983
1,w,0.1724617383848193
2,w*,1.6982420896322197
3,w_s,1.5263572224582043
4,pressure_vel,0.2944246754216121
5,pressure_tendency,0.4559486026727509
6,p_error,0.21738138708756313
7,adv,0.03485701691268612
